N°,Videojuego,Año de salida,Género,Empresa desarrolladora,Pico de jugadores Steam,Año_norm,Peak-norm,EmpNorm,Año estandarizado,Peak estandarizado
1,PUBG: BATTLEGROUNDS,2017,Battle Royale,PUBG Studios,3257248,0.6190476190476191,1.0,pubg studios,-0.07208684779296258,5.27448656129479
2,Black Myth: Wukong,2024,RPG de acción,Game Science,2415714,0.9523809523809523,0.7412648516891048,game science,1.3296018592928103,3.7685413423042924
3,Palworld,2024,Supervivencia / Acción,Pocketpair,2101867,0.9523809523809523,0.6447705328714106,pocketpair,1.3296018592928103,3.206904629890402
4,Counter-Strike 2,2023,FPS,Valve,1862531,0.9047619047619048,0.5711851097558426,valve,1.1293606154234141,2.778607133969489
5,Lost Ark,2019,MMORPG,Smilegate RPG,1325305,0.7142857142857143,0.40601145214192685,smilegate rpg,0.3283956399458297,1.817228358759706
6,Dota 2,2013,MOBA,Valve,1295114,0.42857142857142855,0.3967290311551881,valve,-0.8730518232705471,1.7632008422166523
7,Monster Hunter Wilds,2025,RPG de acción,Capcom,1384608,1.0,0.4242445484877442,capcom,1.5298431031622064,1.9233524955406245
8,ELDEN RING,2022,RPG de acción,FromSoftware,953426,0.8571428571428571,0.2916748142654924,fromsoftware,0.9291193715540181,1.1517419944619267
9,New World,2021,MMORPG,Amazon Games,913027,0.8095238095238095,0.27925387671975826,amazon games,0.7288781276846219,1.0794470177860027
10,Banana,2024,Idle / Casual,Sky,917272,0.9523809523809523,0.2805590298146775,sky,1.3296018592928103,1.0870435468087334
11,Cyberpunk 2077,2020,RPG de acción,CD Projekt Red,1054388,0.7619047619047619,0.3227162434219669,cd projekt red,0.5286368838152258,1.332415908052725
12,Apex Legends,2019,Battle Royale / FPS,Respawn Entertainment,624473,0.7142857142857143,0.19053605666055443,respawn entertainment,0.3283956399458297,0.5630727337753935
13,Marvel Rivals,2024,Hero Shooter,NetEase Games,644269,0.9523809523809523,0.1966224667116783,netease games,1.3296018592928103,0.598498149213315
14,Grand Theft Auto V,2015,Acción / Aventura,Rockstar North,364548,0.5238095238095238,0.11062041044220862,rockstar north,-0.47256933553175484,0.09793072995129938
15,Rust,2018,Supervivencia,Facepunch Studios,262284,0.6666666666666666,0.07917867284531369,facepunch studios,0.12815439607643356,-0.08507314377791926
16,Tom Clancy's Rainbow Six Siege,2015,FPS táctico,Ubisoft Montreal,201096,0.5238095238095238,0.06036602088490917,ubisoft montreal,-0.47256933553175484,-0.1945705331401917
17,Team Fortress 2,2007,FPS,Valve,151253,0.14285714285714285,0.04504146359160914,valve,-2.074499286486924,-0.28376577367728634
18,Terraria,2011,Sandbox / Aventura,Re-Logic,489886,0.3333333333333333,0.1491564006921462,relogic,-1.2735343110093393,0.3222260785145553
19,Stardew Valley,2016,Simulación / RPG,ConcernedApe,236614,0.5714285714285714,0.07128626296390583,concernedape,-0.2723280916623587,-0.13101022269747103
20,Baldur's Gate 3,2023,RPG,Larian Studios,875343,0.9047619047619048,0.26766768373296534,larian studios,1.1293606154234141,1.0120105985415777
21,Helldivers 2,2024,Shooter / Acción,Arrowhead Game Studios,458709,0.9523809523809523,0.1395708275377772,arrowhead game studios,1.3296018592928103,0.26643409139048574
22,Warframe,2013,TPS / Acción,Digital Extremes,181509,0.42857142857142855,0.054343869254713004,digital extremes,-0.8730518232705471,-0.22962193807970321
23,Dead by Daylight,2016,Horror / Supervivencia,Behaviour Interactive,105093,0.5714285714285714,0.030849268806810284,behaviour interactive,-0.2723280916623587,-0.366370197632351
24,The Elder Scrolls V: Skyrim,2011,RPG,Bethesda Game Studios,69680,0.3333333333333333,0.019961309666557212,bethesda game studios,-1.2735343110093393,-0.42974260806390874
25,Fallout 4,2015,RPG,Bethesda Game Studios,47266,0.5238095238095238,0.013069978342759952,bethesda game studios,-0.47256933553175484,-0.4698529971134932
26,Fallout 76,2018,RPG / MMO,Bethesda Game Studios,32982,0.6666666666666666,0.008678268847394551,bethesda game studios,0.12815439607643356,-0.49541455672731777
27,The Witcher 3: Wild Hunt,2015,RPG,CD Projekt Red,103329,0.5238095238095238,0.03030691543591806,cd projekt red,-0.47256933553175484,-0.36952691781988856
28,The Witcher 2: Assassins of Kings,2011,RPG,CD Projekt Red,23008,0.3333333333333333,0.005611697123313447,cd projekt red,-1.2735343110093393,-0.5132632682638822
29,The Elder Scrolls Online,2014,MMORPG,ZeniMax Online Studios,49811,0.47619047619047616,0.013852455286592557,zenimax online studios,-0.672810579401151,-0.46529865874768644
30,Grand Theft Auto IV,2008,Acción / Aventura,Rockstar North,19647,0.19047619047619047,0.004578335626959267,rockstar north,-1.8742580426175277,-0.5192778581450125
31,Red Dead Redemption 2,2019,Acción / Aventura,Rockstar Studios,73148,0.7142857142857143,0.021027569014773904,rockstar studios,0.3283956399458297,-0.42353653912378386
32,Hogwarts Legacy,2023,RPG / Acción,Avalanche Software,87972,0.9047619047619048,0.02558530505224917,avalanche software,1.1293606154234141,-0.3970086365954069
33,Starfield,2023,RPG,Bethesda Game Studios,33095,0.9047619047619048,0.008713011438613838,bethesda game studios,1.1293606154234141,-0.49521234052482815
34,The Finals,2023,FPS,Embark Studios,242036,0.9047619047619048,0.07295329242931266,embark studios,1.1293606154234141,-0.12130742402579944
35,Overwatch 2,2022,Hero Shooter,Blizzard Entertainment,600814,0.8571428571428571,0.1832619419202261,blizzard entertainment,0.9291193715540181,0.5207343874505911
36,Overwatch,2016,Hero Shooter,Blizzard Entertainment,196754,0.5714285714285714,0.05903104450372207,blizzard entertainment,-0.2723280916623587,-0.20234064598275867
37,War Thunder,2013,Simulación / Acción,Gaijin Entertainment,113285,0.42857142857142855,0.03336795294192883,gaijin entertainment,-0.8730518232705471,-0.3517104177138092
38,ARK: Survival Evolved,2017,Supervivencia,Studio Wildcard,157071,0.6190476190476191,0.04683024585456321,studio wildcard,-0.07208684779296258,-0.27335432353494304
39,ARK: Survival Ascended,2023,Supervivencia,Studio Wildcard,98220,0.9047619047619048,0.028736119873623057,studio wildcard,1.1293606154234141,-0.37866959550590296
40,7 Days to Die,2013,Supervivencia / Horror,The Fun Pimps,120510,0.42857142857142855,0.03558932658404694,the fun pimps,-0.8730518232705471,-0.33878110742188233
41,Project Zomboid,2013,Supervivencia / RPG,The Indie Stone,124506,0.42857142857142855,0.036817922995659946,the indie stone,-0.8730518232705471,-0.33163016985419524
42,Don't Starve Together,2016,Supervivencia,Klei Entertainment,109431,0.5714285714285714,0.032183015361759534,klei entertainment,-0.2723280916623587,-0.3586072428854474
43,Valheim,2021,Supervivencia,Iron Gate Studio,502387,0.8095238095238095,0.1529999151419896,iron gate studio,0.7288781276846219,0.34459691698644146
44,Subnautica,2018,Supervivencia,Unknown Worlds Entertainment,79705,0.6666666666666666,0.023043561675170916,unknown worlds entertainment,0.12815439607643356,-0.41180263080763657
45,Subnautica: Below Zero,2021,Supervivencia,Unknown Worlds Entertainment,15953,0.8095238095238095,0.003442591096304003,unknown worlds entertainment,0.7288781276846219,-0.5258883594901167
46,DayZ,2018,Supervivencia,Bohemia Interactive,63063,0.6666666666666666,0.017926869612592437,bohemia interactive,0.12815439607643356,-0.44158388781500624
47,The Forest,2018,Supervivencia / Horror,Endnight Games,76903,0.6666666666666666,0.022182068395556392,endnight games,0.12815439607643356,-0.41681687681981355
48,Sons of the Forest,2024,Supervivencia / Horror,Endnight Games,411000,0.9523809523809523,0.12490238254237059,endnight games,1.3296018592928103,0.18105769488978862
49,Raft,2022,Supervivencia,Redbeet Interactive,101099,0.8571428571428571,0.02962128730831621,redbeet interactive,0.9291193715540181,-0.37351755615220644
50,Green Hell,2019,Supervivencia,Creepy Jar,10295,0.7142857142857143,0.00170300188286397,creepy jar,0.3283956399458297,-0.5360134858059259
51,Left 4 Dead 2,2009,FPS / Horror,Valve,162399,0.23809523809523808,0.048468374403380546,valve,-1.6740167987481316,-0.26381974011136017
52,Half-Life 2,2004,FPS,Valve,62939,0.0,0.01788874499921906,valve,-2.6752230180951124,-0.44180578878057014
53,Portal 2,2011,Puzzle / FPS,Valve,9831,0.3333333333333333,0.001560342039273271,valve,-1.2735343110093393,-0.5368438249028746
54,Garry's Mod,2006,Sandbox,Facepunch Studios,73957,0.09523809523809523,0.021276301371379237,facepunch studios,-2.27474053035632,-0.4220888142758712
55,Counter-Strike: Source,2004,FPS,Valve,167471,0.0,0.05002779407297543,valve,-2.6752230180951124,-0.2547432748102318
56,Counter-Strike: Global Offensive,2012,FPS,Valve,1813564,0.38095238095238093,0.5561298844086319,valve,-1.0732930671399432,2.6909795163826677
57,Day of Defeat: Source,2005,FPS,Valve,6541,0.047619047619047616,0.0005488099586409436,valve,-2.474981774225716,-0.5427313585859803
58,Killing Floor 2,2016,FPS / Horror,Tripwire Interactive,10733,0.5714285714285714,0.0018376678559086387,tripwire interactive,-0.2723280916623587,-0.535229674330789
59,PAYDAY 2,2013,FPS / Acción,Starbreeze Studios,24733,0.42857142857142855,0.006142059688386628,starbreeze studios,-0.8730518232705471,-0.5101763395090624
60,PAYDAY 3,2023,FPS / Acción,Starbreeze Studios,69290,0.9047619047619048,0.019841401608366754,starbreeze studios,1.1293606154234141,-0.4304405223910854
61,BattleBit Remastered,2023,FPS,SgtOkiDoki,87803,0.9047619047619048,0.025533344893699968,sgtokidoki,1.1293606154234141,-0.3973110661371835
62,Squad,2015,FPS táctico,Offworld Industries,15061,0.5238095238095238,0.0031683398452632626,offworld industries,-0.47256933553175484,-0.5274846148230439
63,Insurgency: Sandstorm,2018,FPS táctico,New World Interactive,5338,0.6666666666666666,0.00017893971760729927,new world interactive,0.12815439607643356,-0.544884155856733
64,Hunt: Showdown 1896,2019,FPS / Horror,Crytek,45284,0.7142857142857143,0.012460599441904854,crytek,0.3283956399458297,-0.47339983351468334
65,Escape from Tarkov,2017,FPS / RPG,Battlestate Games,36915,0.6190476190476191,0.009887495495761404,battlestate games,-0.07208684779296258,-0.48837635916632843
66,Day of Infamy,2017,FPS,New World Interactive,4756,0.6190476190476191,0.0,new world interactive,-0.07208684779296258,-0.5459256587757505
67,Chivalry 2,2021,Acción / Multijugador,Torn Banner Studios,6764,0.8095238095238095,0.0006173727714011288,torn banner studios,0.7288781276846219,-0.5423322947527486
68,Mount & Blade II: Bannerlord,2022,RPG / Estrategia,TaleWorlds Entertainment,248834,0.8571428571428571,0.0750433821205402,taleworlds entertainment,0.9291193715540181,-0.10914224044593528
69,Mount & Blade: Warband,2010,RPG / Estrategia,TaleWorlds Entertainment,97234,0.2857142857142857,0.02843296770599282,taleworlds entertainment,-1.4737755548787355,-0.3804340660869189
70,Euro Truck Simulator 2,2012,Simulación,SCS Software,68386,0.38095238095238093,0.019563460878612462,scs software,-1.0732930671399432,-0.4320582520110026
71,American Truck Simulator,2016,Simulación,SCS Software,13453,0.5714285714285714,0.0026739496976472196,scs software,-0.2723280916623587,-0.5303621692797107
72,Farming Simulator 22,2021,Simulación,GIANTS Software,105636,0.8095238095238095,0.03101621771859854,giants software,0.7288781276846219,-0.36539848614605114
73,Cities: Skylines,2015,Simulación / Construcción,Colossal Order,60050,0.5238095238095238,0.017000502998931282,colossal order,-0.47256933553175484,-0.446975723373425
74,Cities: Skylines II,2023,Simulación / Construcción,Colossal Order,104697,0.9047619047619048,0.030727516009263052,colossal order,1.1293606154234141,-0.3670788491030227
75,The Sims 4,2014,Simulación,Maxis,36996,0.47619047619047616,0.009912399477077883,maxis,-0.672810579401151,-0.4882314077291456
76,Planet Zoo,2019,Simulación,Frontier Developments,16176,0.7142857142857143,0.0035111539090641884,frontier developments,0.3283956399458297,-0.5254892956568848
77,Planet Coaster,2016,Simulación,Frontier Developments,10663,0.5714285714285714,0.0018161458967462488,frontier developments,-0.2723280916623587,-0.5353549410048977
78,Civilization VI,2016,Estrategia,Firaxis Games,162657,0.5714285714285714,0.048547698195721925,firaxis games,-0.2723280916623587,-0.26335804294107407
79,Civilization V,2010,Estrategia,Firaxis Games,91044,0.2857142857142857,0.026529811602918625,firaxis games,-1.4737755548787355,-0.39151121912595377
80,Total War: WARHAMMER III,2022,Estrategia,Creative Assembly,166754,0.8571428571428571,0.04980734771984066,creative assembly,0.9291193715540181,-0.2560263634578873
81,Total War: WARHAMMER II,2017,Estrategia,Creative Assembly,84697,0.6190476190476191,0.02457838482000878,creative assembly,-0.07208684779296258,-0.40286932741977516
82,Age of Empires II: Definitive Edition,2019,Estrategia,Forgotten Empires,40524,0.7142857142857143,0.010997106218862338,forgotten empires,0.3283956399458297,-0.48191796735407044
83,Age of Empires IV,2021,Estrategia,Relic Entertainment,73881,0.8095238095238095,0.02125293467286007,relic entertainment,0.7288781276846219,-0.42222481809347484
84,Crusader Kings III,2020,Gran estrategia,Paradox Development Studio,98842,0.7619047619047619,0.028927357853608865,paradox development studio,0.5286368838152258,-0.37755651163025195
85,Europa Universalis IV,2013,Gran estrategia,Paradox Development Studio,63554,0.42857142857142855,0.018077830783288628,paradox development studio,-0.8730518232705471,-0.44070523157233
86,Hearts of Iron IV,2016,Gran estrategia,Paradox Development Studio,73428,0.5714285714285714,0.02111365685142346,paradox development studio,-0.2723280916623587,-0.4230354724273493
87,Stellaris,2016,Gran estrategia / 4X,Paradox Development Studio,68057,0.5714285714285714,0.01946230767054923,paradox development studio,-0.2723280916623587,-0.43264700537931317
88,Factorio,2020,Construcción / Estrategia,Wube Software,91347,0.7619047619047619,0.026622970940435826,wube software,0.5286368838152258,-0.39096899337945495
89,Satisfactory,2024,Construcción / Simulación,Coffee Stain Studios,168186,0.9523809523809523,0.05024762551299127,coffee stain studios,1.3296018592928103,-0.25346376521040787
90,RimWorld,2018,Simulación / Estrategia,Ludeon Studios,73910,0.6666666666666666,0.02126185091308449,ludeon studios,0.12815439607643356,-0.42217292189991557
91,Oxygen Not Included,2019,Simulación / Supervivencia,Klei Entertainment,20351,0.7142857142857143,0.004794785044821017,klei entertainment,0.3283956399458297,-0.5180180333082628
92,Hades,2020,Roguelike / Acción,Supergiant Games,37049,0.7619047619047619,0.009928694674729408,supergiant games,0.5286368838152258,-0.4881365629616062
93,Hades II,2025,Roguelike / Acción,Supergiant Games,103567,1.0,0.030380090097070184,supergiant games,1.5298431031622064,-0.3691010111279192
94,Hollow Knight,2017,Metroidvania,Team Cherry,28448,0.6190476190476191,0.007284260806790608,team cherry,-0.07208684779296258,-0.5035282581617255
95,Celeste,2018,Plataformas,Maddy Makes Games,12467,0.6666666666666666,0.002370797530016984,maddy makes games,0.12815439607643356,-0.5321266398607266
96,Dead Cells,2018,Roguelike / Acción,Motion Twin,27168,0.6666666666666666,0.006890716410678335,motion twin,0.12815439607643356,-0.5058188487739977
97,The Binding of Isaac: Rebirth,2014,Roguelike,Nicalis,130705,0.47619047619047616,0.0387238462077693,nicalis,-0.672810579401151,-0.3205369110999178
98,Slay the Spire,2019,Roguelike / Cartas,Mega Crit,22517,0.7142857142857143,0.005460735952617255,mega crit,0.3283956399458297,-0.5141419245065585
99,Dave the Diver,2023,Aventura / Simulación,Mintrocket,98333,0.9047619047619048,0.028770862464842343,mintrocket,1.1293606154234141,-0.37846737930341334
100,Lethal Company,2023,Horror / Cooperativo,Zeekerss,240817,0.9047619047619048,0.07257850288332761,zeekerss,1.1293606154234141,-0.12348885367920549
