#,velocidad_max,aceleracion,capacidad_carga,eficiencia_combustible,seguridad,Clase
1,95,90,20,40,70,Deportivo
2,60,50,85,60,90,SUV
3,70,60,40,85,75,Sedán
4,50,40,95,45,80,Camioneta
5,92,88,15,35,65,Deportivo
6,65,55,80,65,92,SUV
7,72,62,45,80,78,Sedán
8,55,45,90,50,85,Camioneta
9,98,95,10,30,60,Deportivo
10,58,48,88,58,88,SUV
11,68,58,38,88,80,Sedán
12,48,38,98,40,82,Camioneta
13,90,85,25,42,72,Deportivo
14,62,52,82,62,91,SUV
15,75,65,42,82,76,Sedán
16,52,42,92,48,84,Camioneta
17,96,92,18,38,68,Deportivo
18,64,54,84,64,89,SUV
19,71,61,39,84,77,Sedán
20,54,44,94,46,86,Camioneta
